timestamp,level,message
1704067200,INFO,System initialization completed successfully
1704153600,INFO,Database backup completed in time
1710259200,WARN,Disk space is running low
1715635200,WARN,Memory allocation limit reached recently
1716547200,ERROR,Failed to connect to database server
1721414400,ERROR,File not found in directory path
1722739200,INFO,User logged in successfully from remote location
1727193600,INFO,Cache cleared for performance optimization
1728931200,WARN,API rate limit approaching threshold
1732972800,WARN,Network latency increased significantly today
1735000000,INFO,Scheduled maintenance task finished successfully
1735689599,ERROR,Authentication failed for unknown user ID
